id,session_id,student_id,class_id,subject_id,attendance_status,attendance_date,checkin_time,remarks,recorded_at
ATT00001,SES-20260118-3LILY-BM,S001,3 LILY,c001,present,2026-01-18,,,2026-05-01 22:01:49
ATT00002,SES-20260119-3LILY-BM,S001,3 LILY,c001,present,2026-01-19,,,2026-05-01 22:01:49
ATT00003,SES-20260121-3LILY-BM,S001,3 LILY,c001,present,2026-01-21,,,2026-05-01 22:01:49
ATT00004,SES-20260125-3LILY-BM,S001,3 LILY,c001,excused,2026-01-25,,,2026-05-01 22:01:49
ATT00005,SES-20260126-3LILY-BM,S001,3 LILY,c001,present,2026-01-26,,,2026-05-01 22:01:49
ATT00006,SES-20260128-3LILY-BM,S001,3 LILY,c001,present,2026-01-28,,,2026-05-01 22:01:49
ATT00007,SES-20260129-3LILY-BM,S001,3 LILY,c001,present,2026-01-29,,,2026-05-01 22:01:49
ATT00008,SES-20260118-3LILY-BM,S002,3 LILY,c001,present,2026-01-18,,,2026-05-01 22:01:49
ATT00009,SES-20260119-3LILY-BM,S002,3 LILY,c001,present,2026-01-19,,,2026-05-01 22:01:49
ATT00010,SES-20260121-3LILY-BM,S002,3 LILY,c001,present,2026-01-21,,,2026-05-01 22:01:49
ATT00011,SES-20260122-3LILY-BM,S002,3 LILY,c001,excused,2026-01-22,,,2026-05-01 22:01:49
ATT00012,SES-20260125-3LILY-BM,S002,3 LILY,c001,excused,2026-01-25,,,2026-05-01 22:01:49
ATT00013,SES-20260126-3LILY-BM,S002,3 LILY,c001,present,2026-01-26,,,2026-05-01 22:01:49
ATT00014,SES-20260128-3LILY-BM,S002,3 LILY,c001,present,2026-01-28,,,2026-05-01 22:01:49
ATT00015,SES-20260129-3LILY-BM,S002,3 LILY,c001,present,2026-01-29,,,2026-05-01 22:01:49
ATT00016,SES-20260118-3LILY-BM,S003,3 LILY,c001,present,2026-01-18,,,2026-05-01 22:01:49
ATT00017,SES-20260119-3LILY-BM,S003,3 LILY,c001,present,2026-01-19,,,2026-05-01 22:01:49
ATT00018,SES-20260121-3LILY-BM,S003,3 LILY,c001,present,2026-01-21,,,2026-05-01 22:01:49
ATT00019,SES-20260122-3LILY-BM,S003,3 LILY,c001,excused,2026-01-22,,,2026-05-01 22:01:49
ATT00020,SES-20260125-3LILY-BM,S003,3 LILY,c001,excused,2026-01-25,,,2026-05-01 22:01:49
ATT00021,SES-20260126-3LILY-BM,S003,3 LILY,c001,present,2026-01-26,,,2026-05-01 22:01:49
ATT00022,SES-20260128-3LILY-BM,S003,3 LILY,c001,present,2026-01-28,,,2026-05-01 22:01:49
ATT00023,SES-20260129-3LILY-BM,S003,3 LILY,c001,present,2026-01-29,,,2026-05-01 22:01:49
ATT00024,SES-20260118-3LILY-BM,S004,3 LILY,c001,present,2026-01-18,,,2026-05-01 22:01:49
ATT00025,SES-20260119-3LILY-BM,S004,3 LILY,c001,present,2026-01-19,,,2026-05-01 22:01:49
ATT00026,SES-20260121-3LILY-BM,S004,3 LILY,c001,present,2026-01-21,,,2026-05-01 22:01:49
ATT00027,SES-20260122-3LILY-BM,S004,3 LILY,c001,excused,2026-01-22,,,2026-05-01 22:01:49
ATT00028,SES-20260125-3LILY-BM,S004,3 LILY,c001,excused,2026-01-25,,,2026-05-01 22:01:49
ATT00029,SES-20260126-3LILY-BM,S004,3 LILY,c001,present,2026-01-26,,,2026-05-01 22:01:49
ATT00030,SES-20260128-3LILY-BM,S004,3 LILY,c001,present,2026-01-28,,,2026-05-01 22:01:49
ATT00031,SES-20260129-3LILY-BM,S004,3 LILY,c001,present,2026-01-29,,,2026-05-01 22:01:49
ATT00032,SES-20260118-3LILY-MT,S005,3 LILY,c002,present,2026-01-18,,,2026-05-01 22:01:49
ATT00033,SES-20260119-3LILY-MT,S005,3 LILY,c002,present,2026-01-19,,,2026-05-01 22:01:49
ATT00034,SES-20260125-3LILY-MT,S005,3 LILY,c002,present,2026-01-25,,,2026-05-01 22:01:49
ATT00035,SES-20260126-3LILY-MT,S005,3 LILY,c002,present,2026-01-26,,,2026-05-01 22:01:49
ATT00036,SES-20260118-3LILY-MT,S006,3 LILY,c002,present,2026-01-18,,,2026-05-01 22:01:49
ATT00037,SES-20260119-3LILY-MT,S006,3 LILY,c002,present,2026-01-19,,,2026-05-01 22:01:49
ATT00038,SES-20260125-3LILY-MT,S006,3 LILY,c002,present,2026-01-25,,,2026-05-01 22:01:49
ATT00039,SES-20260126-3LILY-MT,S006,3 LILY,c002,present,2026-01-26,,,2026-05-01 22:01:49
ATT00040,SES-20260118-3LILY-MT,S001,3 LILY,c002,present,2026-01-18,,,2026-05-01 22:01:49
ATT00041,SES-20260119-3LILY-MT,S001,3 LILY,c002,present,2026-01-19,,,2026-05-01 22:01:49
ATT00042,SES-20260125-3LILY-MT,S001,3 LILY,c002,present,2026-01-25,,,2026-05-01 22:01:49
ATT00043,SES-20260126-3LILY-MT,S001,3 LILY,c002,present,2026-01-26,,,2026-05-01 22:01:49
ATT00044,SES-20260118-3LILY-MT,S007,3 LILY,c002,present,2026-01-18,,,2026-05-01 22:01:49
ATT00045,SES-20260119-3LILY-MT,S007,3 LILY,c002,present,2026-01-19,,,2026-05-01 22:01:49
ATT00046,SES-20260125-3LILY-MT,S007,3 LILY,c002,present,2026-01-25,,,2026-05-01 22:01:49
ATT00047,SES-20260126-3LILY-MT,S007,3 LILY,c002,present,2026-01-26,,,2026-05-01 22:01:49
ATT00048,SES-20260118-3LILY-MT,S003,3 LILY,c002,present,2026-01-18,,,2026-05-01 22:01:49
ATT00049,SES-20260119-3LILY-MT,S003,3 LILY,c002,present,2026-01-19,,,2026-05-01 22:01:49
ATT00050,SES-20260125-3LILY-MT,S003,3 LILY,c002,present,2026-01-25,,,2026-05-01 22:01:49
ATT00051,SES-20260126-3LILY-MT,S003,3 LILY,c002,present,2026-01-26,,,2026-05-01 22:01:49
ATT00052,SES-20260119-2LILY-BM,S008,2 LILY,c001,present,2026-01-19,,,2026-05-01 22:01:49
ATT00053,SES-20260120-2LILY-BM,S008,2 LILY,c001,present,2026-01-20,,,2026-05-01 22:01:49
ATT00054,SES-20260121-2LILY-BM,S008,2 LILY,c001,present,2026-01-21,,,2026-05-01 22:01:49
ATT00055,SES-20260122-2LILY-BM,S008,2 LILY,c001,excused,2026-01-22,,,2026-05-01 22:01:49
ATT00056,SES-20260126-2LILY-BM,S008,2 LILY,c001,present,2026-01-26,,,2026-05-01 22:01:49
ATT00057,SES-20260127-2LILY-BM,S008,2 LILY,c001,present,2026-01-27,,,2026-05-01 22:01:49
ATT00058,SES-20260128-2LILY-BM,S008,2 LILY,c001,present,2026-01-28,,,2026-05-01 22:01:49
ATT00059,SES-20260129-2LILY-BM,S008,2 LILY,c001,present,2026-01-29,,,2026-05-01 22:01:49
ATT00060,SES-20260119-2LILY-BM,S018,2 LILY,c001,present,2026-01-19,,,2026-05-01 22:01:49
ATT00061,SES-20260120-2LILY-BM,S018,2 LILY,c001,present,2026-01-20,,,2026-05-01 22:01:49
ATT00062,SES-20260121-2LILY-BM,S018,2 LILY,c001,present,2026-01-21,,,2026-05-01 22:01:49
ATT00063,SES-20260122-2LILY-BM,S018,2 LILY,c001,excused,2026-01-22,,,2026-05-01 22:01:49
ATT00064,SES-20260126-2LILY-BM,S018,2 LILY,c001,present,2026-01-26,,,2026-05-01 22:01:49
ATT00065,SES-20260127-2LILY-BM,S018,2 LILY,c001,absent,2026-01-27,,,2026-05-01 22:01:49
ATT00066,SES-20260128-2LILY-BM,S018,2 LILY,c001,present,2026-01-28,,,2026-05-01 22:01:49
ATT00067,SES-20260129-2LILY-BM,S018,2 LILY,c001,present,2026-01-29,,,2026-05-01 22:01:49
ATT00068,SES-20260119-2LILY-BM,S019,2 LILY,c001,absent,2026-01-19,,,2026-05-01 22:01:49
ATT00069,SES-20260120-2LILY-BM,S019,2 LILY,c001,present,2026-01-20,,,2026-05-01 22:01:49
ATT00070,SES-20260121-2LILY-BM,S019,2 LILY,c001,present,2026-01-21,,,2026-05-01 22:01:49
ATT00071,SES-20260122-2LILY-BM,S019,2 LILY,c001,excused,2026-01-22,,,2026-05-01 22:01:49
ATT00072,SES-20260126-2LILY-BM,S019,2 LILY,c001,present,2026-01-26,,,2026-05-01 22:01:49
ATT00073,SES-20260127-2LILY-BM,S019,2 LILY,c001,present,2026-01-27,,,2026-05-01 22:01:49
ATT00074,SES-20260128-2LILY-BM,S019,2 LILY,c001,present,2026-01-28,,,2026-05-01 22:01:49
ATT00075,SES-20260129-2LILY-BM,S019,2 LILY,c001,present,2026-01-29,,,2026-05-01 22:01:49
ATT00076,SES-20260119-2LILY-BM,S016,2 LILY,c001,present,2026-01-19,,,2026-05-01 22:01:49
ATT00077,SES-20260120-2LILY-BM,S016,2 LILY,c001,present,2026-01-20,,,2026-05-01 22:01:49
ATT00078,SES-20260121-2LILY-BM,S016,2 LILY,c001,present,2026-01-21,,,2026-05-01 22:01:49
ATT00079,SES-20260122-2LILY-BM,S016,2 LILY,c001,excused,2026-01-22,,,2026-05-01 22:01:49
ATT00080,SES-20260126-2LILY-BM,S016,2 LILY,c001,present,2026-01-26,,,2026-05-01 22:01:49
ATT00081,SES-20260127-2LILY-BM,S016,2 LILY,c001,present,2026-01-27,,,2026-05-01 22:01:49
ATT00082,SES-20260128-2LILY-BM,S016,2 LILY,c001,present,2026-01-28,,,2026-05-01 22:01:49
ATT00083,SES-20260129-2LILY-BM,S016,2 LILY,c001,present,2026-01-29,,,2026-05-01 22:01:49
ATT00084,SES-20260119-2LILY-BM,S017,2 LILY,c001,present,2026-01-19,,,2026-05-01 22:01:49
ATT00085,SES-20260120-2LILY-BM,S017,2 LILY,c001,absent,2026-01-20,,,2026-05-01 22:01:49
ATT00086,SES-20260121-2LILY-BM,S017,2 LILY,c001,absent,2026-01-21,,,2026-05-01 22:01:49
ATT00087,SES-20260122-2LILY-BM,S017,2 LILY,c001,excused,2026-01-22,,,2026-05-01 22:01:49
ATT00088,SES-20260126-2LILY-BM,S017,2 LILY,c001,present,2026-01-26,,,2026-05-01 22:01:49
ATT00089,SES-20260127-2LILY-BM,S017,2 LILY,c001,absent,2026-01-27,,,2026-05-01 22:01:49
ATT00090,SES-20260128-2LILY-BM,S017,2 LILY,c001,present,2026-01-28,,,2026-05-01 22:01:49
ATT00091,SES-20260129-2LILY-BM,S017,2 LILY,c001,present,2026-01-29,,,2026-05-01 22:01:49
ATT00092,SES-20260119-2LILY-BM,S020,2 LILY,c001,present,2026-01-19,,,2026-05-01 22:01:49
ATT00093,SES-20260120-2LILY-BM,S020,2 LILY,c001,present,2026-01-20,,,2026-05-01 22:01:49
ATT00094,SES-20260121-2LILY-BM,S020,2 LILY,c001,present,2026-01-21,,,2026-05-01 22:01:49
ATT00095,SES-20260122-2LILY-BM,S020,2 LILY,c001,excused,2026-01-22,,,2026-05-01 22:01:49
ATT00096,SES-20260126-2LILY-BM,S020,2 LILY,c001,present,2026-01-26,,,2026-05-01 22:01:49
ATT00097,SES-20260127-2LILY-BM,S020,2 LILY,c001,present,2026-01-27,,,2026-05-01 22:01:49
ATT00098,SES-20260128-2LILY-BM,S020,2 LILY,c001,present,2026-01-28,,,2026-05-01 22:01:49
ATT00099,SES-20260129-2LILY-BM,S020,2 LILY,c001,present,2026-01-29,,,2026-05-01 22:01:49
ATT00100,SES-20260119-2LILY-BM,S021,2 LILY,c001,absent,2026-01-19,,,2026-05-01 22:01:49
ATT00101,SES-20260120-2LILY-BM,S021,2 LILY,c001,absent,2026-01-20,,,2026-05-01 22:01:49
ATT00102,SES-20260121-2LILY-BM,S021,2 LILY,c001,absent,2026-01-21,,,2026-05-01 22:01:49
ATT00103,SES-20260122-2LILY-BM,S021,2 LILY,c001,excused,2026-01-22,,,2026-05-01 22:01:49
ATT00104,SES-20260126-2LILY-BM,S021,2 LILY,c001,present,2026-01-26,,,2026-05-01 22:01:49
ATT00105,SES-20260127-2LILY-BM,S021,2 LILY,c001,present,2026-01-27,,,2026-05-01 22:01:49
ATT00106,SES-20260128-2LILY-BM,S021,2 LILY,c001,present,2026-01-28,,,2026-05-01 22:01:49
ATT00107,SES-20260129-2LILY-BM,S021,2 LILY,c001,present,2026-01-29,,,2026-05-01 22:01:49
ATT00108,SES-20260119-2LILY-BM,S015,2 LILY,c001,absent,2026-01-19,,,2026-05-01 22:01:49
ATT00109,SES-20260120-2LILY-BM,S015,2 LILY,c001,present,2026-01-20,,,2026-05-01 22:01:49
ATT00110,SES-20260121-2LILY-BM,S015,2 LILY,c001,present,2026-01-21,,,2026-05-01 22:01:49
ATT00111,SES-20260122-2LILY-BM,S015,2 LILY,c001,present,2026-01-22,,,2026-05-01 22:01:49
ATT00112,SES-20260126-2LILY-BM,S015,2 LILY,c001,present,2026-01-26,,,2026-05-01 22:01:49
ATT00113,SES-20260127-2LILY-BM,S015,2 LILY,c001,present,2026-01-27,,,2026-05-01 22:01:49
ATT00114,SES-20260128-2LILY-BM,S015,2 LILY,c001,present,2026-01-28,,,2026-05-01 22:01:49
ATT00115,SES-20260129-2LILY-BM,S015,2 LILY,c001,present,2026-01-29,,,2026-05-01 22:01:49
ATT00116,SES-20260119-2LILY-MT,S016,2 LILY,c002,present,2026-01-19,,,2026-05-01 22:01:49
ATT00117,SES-20260126-2LILY-MT,S016,2 LILY,c002,present,2026-01-26,,,2026-05-01 22:01:49
ATT00118,SES-20260119-2LILY-MT,S017,2 LILY,c002,present,2026-01-19,,,2026-05-01 22:01:49
ATT00119,SES-20260121-2LILY-MT,S017,2 LILY,c002,absent,2026-01-21,,,2026-05-01 22:01:49
ATT00120,SES-20260126-2LILY-MT,S017,2 LILY,c002,present,2026-01-26,,,2026-05-01 22:01:49
ATT00121,SES-20260128-2LILY-MT,S017,2 LILY,c002,present,2026-01-28,,,2026-05-01 22:01:49
ATT00122,SES-20260119-2LILY-MT,S018,2 LILY,c002,present,2026-01-19,,,2026-05-01 22:01:49
ATT00123,SES-20260121-2LILY-MT,S018,2 LILY,c002,present,2026-01-21,,,2026-05-01 22:01:49
ATT00124,SES-20260126-2LILY-MT,S018,2 LILY,c002,present,2026-01-26,,,2026-05-01 22:01:49
ATT00125,SES-20260128-2LILY-MT,S018,2 LILY,c002,present,2026-01-28,,,2026-05-01 22:01:49
ATT00126,SES-20260119-2LILY-MT,S019,2 LILY,c002,absent,2026-01-19,,,2026-05-01 22:01:49
ATT00127,SES-20260121-2LILY-MT,S019,2 LILY,c002,present,2026-01-21,,,2026-05-01 22:01:49
ATT00128,SES-20260126-2LILY-MT,S019,2 LILY,c002,present,2026-01-26,,,2026-05-01 22:01:49
ATT00129,SES-20260128-2LILY-MT,S019,2 LILY,c002,present,2026-01-28,,,2026-05-01 22:01:49
ATT00130,SES-20260119-2LILY-MT,S020,2 LILY,c002,present,2026-01-19,,,2026-05-01 22:01:49
ATT00131,SES-20260121-2LILY-MT,S020,2 LILY,c002,present,2026-01-21,,,2026-05-01 22:01:49
ATT00132,SES-20260126-2LILY-MT,S020,2 LILY,c002,present,2026-01-26,,,2026-05-01 22:01:49
ATT00133,SES-20260128-2LILY-MT,S020,2 LILY,c002,present,2026-01-28,,,2026-05-01 22:01:49
ATT00134,SES-20260119-2LILY-MT,S021,2 LILY,c002,absent,2026-01-19,,,2026-05-01 22:01:49
ATT00135,SES-20260121-2LILY-MT,S021,2 LILY,c002,absent,2026-01-21,,,2026-05-01 22:01:49
ATT00136,SES-20260126-2LILY-MT,S021,2 LILY,c002,present,2026-01-26,,,2026-05-01 22:01:49
ATT00137,SES-20260128-2LILY-MT,S021,2 LILY,c002,present,2026-01-28,,,2026-05-01 22:01:49
ATT00138,SES-20260204-3LILY-BM,S001,3 LILY,c001,present,2026-02-04,,,2026-05-01 22:01:49
ATT00139,SES-20260205-3LILY-BM,S001,3 LILY,c001,present,2026-02-05,,,2026-05-01 22:01:49
ATT00140,SES-20260208-3LILY-BM,S001,3 LILY,c001,present,2026-02-08,,,2026-05-01 22:01:49
ATT00141,SES-20260209-3LILY-BM,S001,3 LILY,c001,present,2026-02-09,,,2026-05-01 22:01:49
ATT00142,SES-20260211-3LILY-BM,S001,3 LILY,c001,present,2026-02-11,,,2026-05-01 22:01:49
ATT00143,SES-20260212-3LILY-BM,S001,3 LILY,c001,present,2026-02-12,,,2026-05-01 22:01:49
ATT00144,SES-20260222-3LILY-BM,S001,3 LILY,c001,present,2026-02-22,,,2026-05-01 22:01:49
ATT00145,SES-20260223-3LILY-BM,S001,3 LILY,c001,present,2026-02-23,,,2026-05-01 22:01:49
ATT00146,SES-20260225-3LILY-BM,S001,3 LILY,c001,present,2026-02-25,,,2026-05-01 22:01:49
ATT00147,SES-20260226-3LILY-BM,S001,3 LILY,c001,present,2026-02-26,,,2026-05-01 22:01:49
ATT00148,SES-20260301-3LILY-BM,S001,3 LILY,c001,present,2026-03-01,,,2026-05-01 22:01:49
ATT00149,SES-20260302-3LILY-BM,S001,3 LILY,c001,present,2026-03-02,,,2026-05-01 22:01:49
ATT00150,SES-20260204-3LILY-BM,S002,3 LILY,c001,present,2026-02-04,,,2026-05-01 22:01:49
ATT00151,SES-20260205-3LILY-BM,S002,3 LILY,c001,present,2026-02-05,,,2026-05-01 22:01:49
ATT00152,SES-20260208-3LILY-BM,S002,3 LILY,c001,present,2026-02-08,,,2026-05-01 22:01:49
ATT00153,SES-20260209-3LILY-BM,S002,3 LILY,c001,present,2026-02-09,,,2026-05-01 22:01:49
ATT00154,SES-20260211-3LILY-BM,S002,3 LILY,c001,present,2026-02-11,,,2026-05-01 22:01:49
ATT00155,SES-20260212-3LILY-BM,S002,3 LILY,c001,present,2026-02-12,,,2026-05-01 22:01:49
ATT00156,SES-20260222-3LILY-BM,S002,3 LILY,c001,present,2026-02-22,,,2026-05-01 22:01:49
ATT00157,SES-20260223-3LILY-BM,S002,3 LILY,c001,present,2026-02-23,,,2026-05-01 22:01:49
ATT00158,SES-20260225-3LILY-BM,S002,3 LILY,c001,present,2026-02-25,,,2026-05-01 22:01:49
ATT00159,SES-20260226-3LILY-BM,S002,3 LILY,c001,present,2026-02-26,,,2026-05-01 22:01:49
ATT00160,SES-20260301-3LILY-BM,S002,3 LILY,c001,present,2026-03-01,,,2026-05-01 22:01:49
ATT00161,SES-20260302-3LILY-BM,S002,3 LILY,c001,present,2026-03-02,,,2026-05-01 22:01:49
ATT00162,SES-20260204-3LILY-BM,S003,3 LILY,c001,present,2026-02-04,,,2026-05-01 22:01:49
ATT00163,SES-20260205-3LILY-BM,S003,3 LILY,c001,present,2026-02-05,,,2026-05-01 22:01:49
ATT00164,SES-20260208-3LILY-BM,S003,3 LILY,c001,present,2026-02-08,,,2026-05-01 22:01:49
ATT00165,SES-20260209-3LILY-BM,S003,3 LILY,c001,present,2026-02-09,,,2026-05-01 22:01:49
ATT00166,SES-20260211-3LILY-BM,S003,3 LILY,c001,present,2026-02-11,,,2026-05-01 22:01:49
ATT00167,SES-20260212-3LILY-BM,S003,3 LILY,c001,present,2026-02-12,,,2026-05-01 22:01:49
ATT00168,SES-20260222-3LILY-BM,S003,3 LILY,c001,present,2026-02-22,,,2026-05-01 22:01:49
ATT00169,SES-20260223-3LILY-BM,S003,3 LILY,c001,present,2026-02-23,,,2026-05-01 22:01:49
ATT00170,SES-20260225-3LILY-BM,S003,3 LILY,c001,present,2026-02-25,,,2026-05-01 22:01:49
ATT00171,SES-20260226-3LILY-BM,S003,3 LILY,c001,present,2026-02-26,,,2026-05-01 22:01:49
ATT00172,SES-20260301-3LILY-BM,S003,3 LILY,c001,present,2026-03-01,,,2026-05-01 22:01:49
ATT00173,SES-20260302-3LILY-BM,S003,3 LILY,c001,present,2026-03-02,,,2026-05-01 22:01:49
ATT00174,SES-20260204-3LILY-BM,S004,3 LILY,c001,present,2026-02-04,,,2026-05-01 22:01:49
ATT00175,SES-20260205-3LILY-BM,S004,3 LILY,c001,present,2026-02-05,,,2026-05-01 22:01:49
ATT00176,SES-20260208-3LILY-BM,S004,3 LILY,c001,present,2026-02-08,,,2026-05-01 22:01:49
ATT00177,SES-20260209-3LILY-BM,S004,3 LILY,c001,present,2026-02-09,,,2026-05-01 22:01:49
ATT00178,SES-20260211-3LILY-BM,S004,3 LILY,c001,present,2026-02-11,,,2026-05-01 22:01:49
ATT00179,SES-20260212-3LILY-BM,S004,3 LILY,c001,present,2026-02-12,,,2026-05-01 22:01:49
ATT00180,SES-20260222-3LILY-BM,S004,3 LILY,c001,present,2026-02-22,,,2026-05-01 22:01:49
ATT00181,SES-20260223-3LILY-BM,S004,3 LILY,c001,present,2026-02-23,,,2026-05-01 22:01:49
ATT00182,SES-20260225-3LILY-BM,S004,3 LILY,c001,present,2026-02-25,,,2026-05-01 22:01:49
ATT00183,SES-20260226-3LILY-BM,S004,3 LILY,c001,present,2026-02-26,,,2026-05-01 22:01:49
ATT00184,SES-20260301-3LILY-BM,S004,3 LILY,c001,present,2026-03-01,,,2026-05-01 22:01:49
ATT00185,SES-20260302-3LILY-BM,S004,3 LILY,c001,present,2026-03-02,,,2026-05-01 22:01:49
ATT00186,SES-20260208-3LILY-MT,S005,3 LILY,c002,present,2026-02-08,,,2026-05-01 22:01:49
ATT00187,SES-20260209-3LILY-MT,S005,3 LILY,c002,present,2026-02-09,,,2026-05-01 22:01:49
ATT00188,SES-20260222-3LILY-MT,S005,3 LILY,c002,present,2026-02-22,,,2026-05-01 22:01:49
ATT00189,SES-20260223-3LILY-MT,S005,3 LILY,c002,present,2026-02-23,,,2026-05-01 22:01:49
ATT00190,SES-20260301-3LILY-MT,S005,3 LILY,c002,present,2026-03-01,,,2026-05-01 22:01:49
ATT00191,SES-20260302-3LILY-MT,S005,3 LILY,c002,present,2026-03-02,,,2026-05-01 22:01:49
ATT00192,SES-20260208-3LILY-MT,S006,3 LILY,c002,present,2026-02-08,,,2026-05-01 22:01:49
ATT00193,SES-20260209-3LILY-MT,S006,3 LILY,c002,present,2026-02-09,,,2026-05-01 22:01:49
ATT00194,SES-20260222-3LILY-MT,S006,3 LILY,c002,present,2026-02-22,,,2026-05-01 22:01:49
ATT00195,SES-20260223-3LILY-MT,S006,3 LILY,c002,present,2026-02-23,,,2026-05-01 22:01:49
ATT00196,SES-20260301-3LILY-MT,S006,3 LILY,c002,present,2026-03-01,,,2026-05-01 22:01:49
ATT00197,SES-20260302-3LILY-MT,S006,3 LILY,c002,present,2026-03-02,,,2026-05-01 22:01:49
ATT00198,SES-20260208-3LILY-MT,S001,3 LILY,c002,present,2026-02-08,,,2026-05-01 22:01:49
ATT00199,SES-20260209-3LILY-MT,S001,3 LILY,c002,present,2026-02-09,,,2026-05-01 22:01:49
ATT00200,SES-20260222-3LILY-MT,S001,3 LILY,c002,present,2026-02-22,,,2026-05-01 22:01:49
ATT00201,SES-20260223-3LILY-MT,S001,3 LILY,c002,present,2026-02-23,,,2026-05-01 22:01:49
ATT00202,SES-20260301-3LILY-MT,S001,3 LILY,c002,present,2026-03-01,,,2026-05-01 22:01:49
ATT00203,SES-20260302-3LILY-MT,S001,3 LILY,c002,present,2026-03-02,,,2026-05-01 22:01:49
ATT00204,SES-20260208-3LILY-MT,S007,3 LILY,c002,present,2026-02-08,,,2026-05-01 22:01:49
ATT00205,SES-20260209-3LILY-MT,S007,3 LILY,c002,present,2026-02-09,,,2026-05-01 22:01:49
ATT00206,SES-20260222-3LILY-MT,S007,3 LILY,c002,absent,2026-02-22,,,2026-05-01 22:01:49
ATT00207,SES-20260223-3LILY-MT,S007,3 LILY,c002,present,2026-02-23,,,2026-05-01 22:01:49
ATT00208,SES-20260301-3LILY-MT,S007,3 LILY,c002,present,2026-03-01,,,2026-05-01 22:01:49
ATT00209,SES-20260302-3LILY-MT,S007,3 LILY,c002,present,2026-03-02,,,2026-05-01 22:01:49
ATT00210,SES-20260208-3LILY-MT,S003,3 LILY,c002,present,2026-02-08,,,2026-05-01 22:01:49
ATT00211,SES-20260209-3LILY-MT,S003,3 LILY,c002,present,2026-02-09,,,2026-05-01 22:01:49
ATT00212,SES-20260222-3LILY-MT,S003,3 LILY,c002,present,2026-02-22,,,2026-05-01 22:01:49
ATT00213,SES-20260223-3LILY-MT,S003,3 LILY,c002,present,2026-02-23,,,2026-05-01 22:01:49
ATT00214,SES-20260301-3LILY-MT,S003,3 LILY,c002,present,2026-03-01,,,2026-05-01 22:01:49
ATT00215,SES-20260302-3LILY-MT,S003,3 LILY,c002,present,2026-03-02,,,2026-05-01 22:01:49
ATT00216,SES-20260203-2LILY-BM,S008,2 LILY,c001,present,2026-02-03,,,2026-05-01 22:01:49
ATT00217,SES-20260204-2LILY-BM,S008,2 LILY,c001,present,2026-02-04,,,2026-05-01 22:01:49
ATT00218,SES-20260205-2LILY-BM,S008,2 LILY,c001,present,2026-02-05,,,2026-05-01 22:01:49
ATT00219,SES-20260209-2LILY-BM,S008,2 LILY,c001,present,2026-02-09,,,2026-05-01 22:01:49
ATT00220,SES-20260210-2LILY-BM,S008,2 LILY,c001,present,2026-02-10,,,2026-05-01 22:01:49
ATT00221,SES-20260211-2LILY-BM,S008,2 LILY,c001,absent,2026-02-11,,,2026-05-01 22:01:49
ATT00222,SES-20260212-2LILY-BM,S008,2 LILY,c001,present,2026-02-12,,,2026-05-01 22:01:49
ATT00223,SES-20260223-2LILY-BM,S008,2 LILY,c001,present,2026-02-23,,,2026-05-01 22:01:49
ATT00224,SES-20260224-2LILY-BM,S008,2 LILY,c001,present,2026-02-24,,,2026-05-01 22:01:49
ATT00225,SES-20260225-2LILY-BM,S008,2 LILY,c001,present,2026-02-25,,,2026-05-01 22:01:49
ATT00226,SES-20260226-2LILY-BM,S008,2 LILY,c001,absent,2026-02-26,,,2026-05-01 22:01:49
ATT00227,SES-20260302-2LILY-BM,S008,2 LILY,c001,present,2026-03-02,,,2026-05-01 22:01:49
ATT00228,SES-20260203-2LILY-BM,S018,2 LILY,c001,present,2026-02-03,,,2026-05-01 22:01:49
ATT00229,SES-20260204-2LILY-BM,S018,2 LILY,c001,present,2026-02-04,,,2026-05-01 22:01:49
ATT00230,SES-20260205-2LILY-BM,S018,2 LILY,c001,present,2026-02-05,,,2026-05-01 22:01:49
ATT00231,SES-20260209-2LILY-BM,S018,2 LILY,c001,present,2026-02-09,,,2026-05-01 22:01:49
ATT00232,SES-20260210-2LILY-BM,S018,2 LILY,c001,present,2026-02-10,,,2026-05-01 22:01:49
ATT00233,SES-20260211-2LILY-BM,S018,2 LILY,c001,present,2026-02-11,,,2026-05-01 22:01:49
ATT00234,SES-20260212-2LILY-BM,S018,2 LILY,c001,present,2026-02-12,,,2026-05-01 22:01:49
ATT00235,SES-20260223-2LILY-BM,S018,2 LILY,c001,present,2026-02-23,,,2026-05-01 22:01:49
ATT00236,SES-20260224-2LILY-BM,S018,2 LILY,c001,present,2026-02-24,,,2026-05-01 22:01:49
ATT00237,SES-20260225-2LILY-BM,S018,2 LILY,c001,present,2026-02-25,,,2026-05-01 22:01:49
ATT00238,SES-20260226-2LILY-BM,S018,2 LILY,c001,present,2026-02-26,,,2026-05-01 22:01:49
ATT00239,SES-20260302-2LILY-BM,S018,2 LILY,c001,present,2026-03-02,,,2026-05-01 22:01:49
ATT00240,SES-20260203-2LILY-BM,S019,2 LILY,c001,present,2026-02-03,,,2026-05-01 22:01:49
ATT00241,SES-20260204-2LILY-BM,S019,2 LILY,c001,present,2026-02-04,,,2026-05-01 22:01:49
ATT00242,SES-20260205-2LILY-BM,S019,2 LILY,c001,present,2026-02-05,,,2026-05-01 22:01:49
ATT00243,SES-20260209-2LILY-BM,S019,2 LILY,c001,present,2026-02-09,,,2026-05-01 22:01:49
ATT00244,SES-20260210-2LILY-BM,S019,2 LILY,c001,absent,2026-02-10,,,2026-05-01 22:01:49
ATT00245,SES-20260211-2LILY-BM,S019,2 LILY,c001,present,2026-02-11,,,2026-05-01 22:01:49
ATT00246,SES-20260212-2LILY-BM,S019,2 LILY,c001,present,2026-02-12,,,2026-05-01 22:01:49
ATT00247,SES-20260223-2LILY-BM,S019,2 LILY,c001,present,2026-02-23,,,2026-05-01 22:01:49
ATT00248,SES-20260224-2LILY-BM,S019,2 LILY,c001,present,2026-02-24,,,2026-05-01 22:01:49
ATT00249,SES-20260225-2LILY-BM,S019,2 LILY,c001,present,2026-02-25,,,2026-05-01 22:01:49
ATT00250,SES-20260226-2LILY-BM,S019,2 LILY,c001,present,2026-02-26,,,2026-05-01 22:01:49
ATT00251,SES-20260302-2LILY-BM,S019,2 LILY,c001,present,2026-03-02,,,2026-05-01 22:01:49
ATT00252,SES-20260203-2LILY-BM,S016,2 LILY,c001,present,2026-02-03,,,2026-05-01 22:01:49
ATT00253,SES-20260204-2LILY-BM,S016,2 LILY,c001,present,2026-02-04,,,2026-05-01 22:01:49
ATT00254,SES-20260205-2LILY-BM,S016,2 LILY,c001,present,2026-02-05,,,2026-05-01 22:01:49
ATT00255,SES-20260209-2LILY-BM,S016,2 LILY,c001,present,2026-02-09,,,2026-05-01 22:01:49
ATT00256,SES-20260210-2LILY-BM,S016,2 LILY,c001,present,2026-02-10,,,2026-05-01 22:01:49
ATT00257,SES-20260211-2LILY-BM,S016,2 LILY,c001,present,2026-02-11,,,2026-05-01 22:01:49
ATT00258,SES-20260212-2LILY-BM,S016,2 LILY,c001,present,2026-02-12,,,2026-05-01 22:01:49
ATT00259,SES-20260223-2LILY-BM,S016,2 LILY,c001,present,2026-02-23,,,2026-05-01 22:01:49
ATT00260,SES-20260224-2LILY-BM,S016,2 LILY,c001,present,2026-02-24,,,2026-05-01 22:01:49
ATT00261,SES-20260225-2LILY-BM,S016,2 LILY,c001,present,2026-02-25,,,2026-05-01 22:01:49
ATT00262,SES-20260226-2LILY-BM,S016,2 LILY,c001,absent,2026-02-26,,,2026-05-01 22:01:49
ATT00263,SES-20260302-2LILY-BM,S016,2 LILY,c001,present,2026-03-02,,,2026-05-01 22:01:49
ATT00264,SES-20260203-2LILY-BM,S017,2 LILY,c001,present,2026-02-03,,,2026-05-01 22:01:49
ATT00265,SES-20260204-2LILY-BM,S017,2 LILY,c001,present,2026-02-04,,,2026-05-01 22:01:49
ATT00266,SES-20260205-2LILY-BM,S017,2 LILY,c001,present,2026-02-05,,,2026-05-01 22:01:49
ATT00267,SES-20260209-2LILY-BM,S017,2 LILY,c001,present,2026-02-09,,,2026-05-01 22:01:49
ATT00268,SES-20260210-2LILY-BM,S017,2 LILY,c001,present,2026-02-10,,,2026-05-01 22:01:49
ATT00269,SES-20260211-2LILY-BM,S017,2 LILY,c001,present,2026-02-11,,,2026-05-01 22:01:49
ATT00270,SES-20260212-2LILY-BM,S017,2 LILY,c001,present,2026-02-12,,,2026-05-01 22:01:49
ATT00271,SES-20260223-2LILY-BM,S017,2 LILY,c001,present,2026-02-23,,,2026-05-01 22:01:49
ATT00272,SES-20260224-2LILY-BM,S017,2 LILY,c001,present,2026-02-24,,,2026-05-01 22:01:49
ATT00273,SES-20260225-2LILY-BM,S017,2 LILY,c001,present,2026-02-25,,,2026-05-01 22:01:49
ATT00274,SES-20260226-2LILY-BM,S017,2 LILY,c001,present,2026-02-26,,,2026-05-01 22:01:49
ATT00275,SES-20260302-2LILY-BM,S017,2 LILY,c001,present,2026-03-02,,,2026-05-01 22:01:49
ATT00276,SES-20260203-2LILY-BM,S020,2 LILY,c001,present,2026-02-03,,,2026-05-01 22:01:49
ATT00277,SES-20260204-2LILY-BM,S020,2 LILY,c001,present,2026-02-04,,,2026-05-01 22:01:49
ATT00278,SES-20260205-2LILY-BM,S020,2 LILY,c001,present,2026-02-05,,,2026-05-01 22:01:49
ATT00279,SES-20260209-2LILY-BM,S020,2 LILY,c001,absent,2026-02-09,,,2026-05-01 22:01:49
ATT00280,SES-20260210-2LILY-BM,S020,2 LILY,c001,present,2026-02-10,,,2026-05-01 22:01:49
ATT00281,SES-20260211-2LILY-BM,S020,2 LILY,c001,present,2026-02-11,,,2026-05-01 22:01:49
ATT00282,SES-20260212-2LILY-BM,S020,2 LILY,c001,present,2026-02-12,,,2026-05-01 22:01:49
ATT00283,SES-20260223-2LILY-BM,S020,2 LILY,c001,present,2026-02-23,,,2026-05-01 22:01:49
ATT00284,SES-20260224-2LILY-BM,S020,2 LILY,c001,present,2026-02-24,,,2026-05-01 22:01:49
ATT00285,SES-20260225-2LILY-BM,S020,2 LILY,c001,present,2026-02-25,,,2026-05-01 22:01:49
ATT00286,SES-20260226-2LILY-BM,S020,2 LILY,c001,absent,2026-02-26,,,2026-05-01 22:01:49
ATT00287,SES-20260302-2LILY-BM,S020,2 LILY,c001,present,2026-03-02,,,2026-05-01 22:01:49
ATT00288,SES-20260203-2LILY-BM,S021,2 LILY,c001,present,2026-02-03,,,2026-05-01 22:01:49
ATT00289,SES-20260204-2LILY-BM,S021,2 LILY,c001,present,2026-02-04,,,2026-05-01 22:01:49
ATT00290,SES-20260205-2LILY-BM,S021,2 LILY,c001,present,2026-02-05,,,2026-05-01 22:01:49
ATT00291,SES-20260209-2LILY-BM,S021,2 LILY,c001,present,2026-02-09,,,2026-05-01 22:01:49
ATT00292,SES-20260210-2LILY-BM,S021,2 LILY,c001,present,2026-02-10,,,2026-05-01 22:01:49
ATT00293,SES-20260211-2LILY-BM,S021,2 LILY,c001,present,2026-02-11,,,2026-05-01 22:01:49
ATT00294,SES-20260212-2LILY-BM,S021,2 LILY,c001,present,2026-02-12,,,2026-05-01 22:01:49
ATT00295,SES-20260223-2LILY-BM,S021,2 LILY,c001,present,2026-02-23,,,2026-05-01 22:01:49
ATT00296,SES-20260224-2LILY-BM,S021,2 LILY,c001,present,2026-02-24,,,2026-05-01 22:01:49
ATT00297,SES-20260225-2LILY-BM,S021,2 LILY,c001,present,2026-02-25,,,2026-05-01 22:01:49
ATT00298,SES-20260226-2LILY-BM,S021,2 LILY,c001,present,2026-02-26,,,2026-05-01 22:01:49
ATT00299,SES-20260302-2LILY-BM,S021,2 LILY,c001,present,2026-03-02,,,2026-05-01 22:01:49
ATT00300,SES-20260203-2LILY-BM,S015,2 LILY,c001,present,2026-02-03,,,2026-05-01 22:01:49
ATT00301,SES-20260204-2LILY-BM,S015,2 LILY,c001,present,2026-02-04,,,2026-05-01 22:01:49
ATT00302,SES-20260205-2LILY-BM,S015,2 LILY,c001,present,2026-02-05,,,2026-05-01 22:01:49
ATT00303,SES-20260209-2LILY-BM,S015,2 LILY,c001,absent,2026-02-09,,,2026-05-01 22:01:49
ATT00304,SES-20260210-2LILY-BM,S015,2 LILY,c001,present,2026-02-10,,,2026-05-01 22:01:49
ATT00305,SES-20260211-2LILY-BM,S015,2 LILY,c001,absent,2026-02-11,,,2026-05-01 22:01:49
ATT00306,SES-20260212-2LILY-BM,S015,2 LILY,c001,present,2026-02-12,,,2026-05-01 22:01:49
ATT00307,SES-20260223-2LILY-BM,S015,2 LILY,c001,present,2026-02-23,,,2026-05-01 22:01:49
ATT00308,SES-20260224-2LILY-BM,S015,2 LILY,c001,present,2026-02-24,,,2026-05-01 22:01:49
ATT00309,SES-20260225-2LILY-BM,S015,2 LILY,c001,present,2026-02-25,,,2026-05-01 22:01:49
ATT00310,SES-20260226-2LILY-BM,S015,2 LILY,c001,absent,2026-02-26,,,2026-05-01 22:01:49
ATT00311,SES-20260302-2LILY-BM,S015,2 LILY,c001,present,2026-03-02,,,2026-05-01 22:01:49
ATT00312,SES-20260209-2LILY-MT,S016,2 LILY,c002,present,2026-02-09,,,2026-05-01 22:01:49
ATT00313,SES-20260223-2LILY-MT,S016,2 LILY,c002,present,2026-02-23,,,2026-05-01 22:01:49
ATT00314,SES-20260225-2LILY-MT,S016,2 LILY,c002,absent,2026-02-25,,,2026-05-01 22:01:49
ATT00315,SES-20260302-2LILY-MT,S016,2 LILY,c002,present,2026-03-02,,,2026-05-01 22:01:49
ATT00316,SES-20260204-2LILY-MT,S017,2 LILY,c002,present,2026-02-04,,,2026-05-01 22:01:49
ATT00317,SES-20260209-2LILY-MT,S017,2 LILY,c002,present,2026-02-09,,,2026-05-01 22:01:49
ATT00318,SES-20260211-2LILY-MT,S017,2 LILY,c002,present,2026-02-11,,,2026-05-01 22:01:49
ATT00319,SES-20260223-2LILY-MT,S017,2 LILY,c002,present,2026-02-23,,,2026-05-01 22:01:49
ATT00320,SES-20260225-2LILY-MT,S017,2 LILY,c002,present,2026-02-25,,,2026-05-01 22:01:49
ATT00321,SES-20260302-2LILY-MT,S017,2 LILY,c002,present,2026-03-02,,,2026-05-01 22:01:49
ATT00322,SES-20260204-2LILY-MT,S018,2 LILY,c002,present,2026-02-04,,,2026-05-01 22:01:49
ATT00323,SES-20260209-2LILY-MT,S018,2 LILY,c002,present,2026-02-09,,,2026-05-01 22:01:49
ATT00324,SES-20260211-2LILY-MT,S018,2 LILY,c002,present,2026-02-11,,,2026-05-01 22:01:49
ATT00325,SES-20260223-2LILY-MT,S018,2 LILY,c002,present,2026-02-23,,,2026-05-01 22:01:49
ATT00326,SES-20260225-2LILY-MT,S018,2 LILY,c002,present,2026-02-25,,,2026-05-01 22:01:49
ATT00327,SES-20260302-2LILY-MT,S018,2 LILY,c002,present,2026-03-02,,,2026-05-01 22:01:49
ATT00328,SES-20260204-2LILY-MT,S019,2 LILY,c002,present,2026-02-04,,,2026-05-01 22:01:49
ATT00329,SES-20260209-2LILY-MT,S019,2 LILY,c002,present,2026-02-09,,,2026-05-01 22:01:49
ATT00330,SES-20260211-2LILY-MT,S019,2 LILY,c002,present,2026-02-11,,,2026-05-01 22:01:49
ATT00331,SES-20260223-2LILY-MT,S019,2 LILY,c002,present,2026-02-23,,,2026-05-01 22:01:49
ATT00332,SES-20260225-2LILY-MT,S019,2 LILY,c002,present,2026-02-25,,,2026-05-01 22:01:49
ATT00333,SES-20260302-2LILY-MT,S019,2 LILY,c002,present,2026-03-02,,,2026-05-01 22:01:49
ATT00334,SES-20260204-2LILY-MT,S020,2 LILY,c002,present,2026-02-04,,,2026-05-01 22:01:49
ATT00335,SES-20260209-2LILY-MT,S020,2 LILY,c002,present,2026-02-09,,,2026-05-01 22:01:49
ATT00336,SES-20260211-2LILY-MT,S020,2 LILY,c002,present,2026-02-11,,,2026-05-01 22:01:49
ATT00337,SES-20260223-2LILY-MT,S020,2 LILY,c002,present,2026-02-23,,,2026-05-01 22:01:49
ATT00338,SES-20260225-2LILY-MT,S020,2 LILY,c002,present,2026-02-25,,,2026-05-01 22:01:49
ATT00339,SES-20260302-2LILY-MT,S020,2 LILY,c002,present,2026-03-02,,,2026-05-01 22:01:49
ATT00340,SES-20260204-2LILY-MT,S021,2 LILY,c002,present,2026-02-04,,,2026-05-01 22:01:49
ATT00341,SES-20260209-2LILY-MT,S021,2 LILY,c002,present,2026-02-09,,,2026-05-01 22:01:49
ATT00342,SES-20260211-2LILY-MT,S021,2 LILY,c002,present,2026-02-11,,,2026-05-01 22:01:49
ATT00343,SES-20260223-2LILY-MT,S021,2 LILY,c002,present,2026-02-23,,,2026-05-01 22:01:49
ATT00344,SES-20260225-2LILY-MT,S021,2 LILY,c002,present,2026-02-25,,,2026-05-01 22:01:49
ATT00345,SES-20260302-2LILY-MT,S021,2 LILY,c002,present,2026-03-02,,,2026-05-01 22:01:49
ATT00346,SES-20260301-3LILY-BM,S001,3 LILY,c001,absent,2026-03-01,,,2026-05-01 22:01:49
ATT00347,SES-20260302-3LILY-BM,S001,3 LILY,c001,present,2026-03-02,,,2026-05-01 22:01:49
ATT00348,SES-20260304-3LILY-BM,S001,3 LILY,c001,present,2026-03-04,,,2026-05-01 22:01:49
ATT00349,SES-20260305-3LILY-BM,S001,3 LILY,c001,present,2026-03-05,,,2026-05-01 22:01:49
ATT00350,SES-20260308-3LILY-BM,S001,3 LILY,c001,present,2026-03-08,,,2026-05-01 22:01:49
ATT00351,SES-20260309-3LILY-BM,S001,3 LILY,c001,present,2026-03-09,,,2026-05-01 22:01:49
ATT00352,SES-20260311-3LILY-BM,S001,3 LILY,c001,present,2026-03-11,,,2026-05-01 22:01:49
ATT00353,SES-20260312-3LILY-BM,S001,3 LILY,c001,present,2026-03-12,,,2026-05-01 22:01:49
ATT00354,SES-20260316-3LILY-BM,S001,3 LILY,c001,present,2026-03-16,,,2026-05-01 22:01:49
ATT00355,SES-20260329-3LILY-BM,S001,3 LILY,c001,present,2026-03-29,,,2026-05-01 22:01:49
ATT00356,SES-20260330-3LILY-BM,S001,3 LILY,c001,present,2026-03-30,,,2026-05-01 22:01:49
ATT00357,SES-20260301-3LILY-BM,S002,3 LILY,c001,present,2026-03-01,,,2026-05-01 22:01:49
ATT00358,SES-20260302-3LILY-BM,S002,3 LILY,c001,present,2026-03-02,,,2026-05-01 22:01:49
ATT00359,SES-20260304-3LILY-BM,S002,3 LILY,c001,present,2026-03-04,,,2026-05-01 22:01:49
ATT00360,SES-20260305-3LILY-BM,S002,3 LILY,c001,present,2026-03-05,,,2026-05-01 22:01:49
ATT00361,SES-20260308-3LILY-BM,S002,3 LILY,c001,present,2026-03-08,,,2026-05-01 22:01:49
ATT00362,SES-20260309-3LILY-BM,S002,3 LILY,c001,present,2026-03-09,,,2026-05-01 22:01:49
ATT00363,SES-20260311-3LILY-BM,S002,3 LILY,c001,present,2026-03-11,,,2026-05-01 22:01:49
ATT00364,SES-20260312-3LILY-BM,S002,3 LILY,c001,present,2026-03-12,,,2026-05-01 22:01:49
ATT00365,SES-20260316-3LILY-BM,S002,3 LILY,c001,present,2026-03-16,,,2026-05-01 22:01:49
ATT00366,SES-20260329-3LILY-BM,S002,3 LILY,c001,present,2026-03-29,,,2026-05-01 22:01:49
ATT00367,SES-20260330-3LILY-BM,S002,3 LILY,c001,present,2026-03-30,,,2026-05-01 22:01:49
ATT00368,SES-20260301-3LILY-BM,S003,3 LILY,c001,absent,2026-03-01,,,2026-05-01 22:01:49
ATT00369,SES-20260302-3LILY-BM,S003,3 LILY,c001,present,2026-03-02,,,2026-05-01 22:01:49
ATT00370,SES-20260304-3LILY-BM,S003,3 LILY,c001,absent,2026-03-04,,,2026-05-01 22:01:49
ATT00371,SES-20260305-3LILY-BM,S003,3 LILY,c001,absent,2026-03-05,,,2026-05-01 22:01:49
ATT00372,SES-20260308-3LILY-BM,S003,3 LILY,c001,present,2026-03-08,,,2026-05-01 22:01:49
ATT00373,SES-20260309-3LILY-BM,S003,3 LILY,c001,present,2026-03-09,,,2026-05-01 22:01:49
ATT00374,SES-20260311-3LILY-BM,S003,3 LILY,c001,absent,2026-03-11,,,2026-05-01 22:01:49
ATT00375,SES-20260312-3LILY-BM,S003,3 LILY,c001,present,2026-03-12,,,2026-05-01 22:01:49
ATT00376,SES-20260316-3LILY-BM,S003,3 LILY,c001,absent,2026-03-16,,,2026-05-01 22:01:49
ATT00377,SES-20260329-3LILY-BM,S003,3 LILY,c001,present,2026-03-29,,,2026-05-01 22:01:49
ATT00378,SES-20260330-3LILY-BM,S003,3 LILY,c001,present,2026-03-30,,,2026-05-01 22:01:49
ATT00379,SES-20260301-3LILY-BM,S004,3 LILY,c001,absent,2026-03-01,,,2026-05-01 22:01:49
ATT00380,SES-20260302-3LILY-BM,S004,3 LILY,c001,absent,2026-03-02,,,2026-05-01 22:01:49
ATT00381,SES-20260304-3LILY-BM,S004,3 LILY,c001,present,2026-03-04,,,2026-05-01 22:01:49
ATT00382,SES-20260305-3LILY-BM,S004,3 LILY,c001,present,2026-03-05,,,2026-05-01 22:01:49
ATT00383,SES-20260308-3LILY-BM,S004,3 LILY,c001,present,2026-03-08,,,2026-05-01 22:01:49
ATT00384,SES-20260309-3LILY-BM,S004,3 LILY,c001,present,2026-03-09,,,2026-05-01 22:01:49
ATT00385,SES-20260311-3LILY-BM,S004,3 LILY,c001,present,2026-03-11,,,2026-05-01 22:01:49
ATT00386,SES-20260312-3LILY-BM,S004,3 LILY,c001,present,2026-03-12,,,2026-05-01 22:01:49
ATT00387,SES-20260316-3LILY-BM,S004,3 LILY,c001,present,2026-03-16,,,2026-05-01 22:01:49
ATT00388,SES-20260329-3LILY-BM,S004,3 LILY,c001,present,2026-03-29,,,2026-05-01 22:01:49
ATT00389,SES-20260330-3LILY-BM,S004,3 LILY,c001,present,2026-03-30,,,2026-05-01 22:01:49
ATT00390,SES-20260301-3LILY-MT,S005,3 LILY,c002,present,2026-03-01,,,2026-05-01 22:01:49
ATT00391,SES-20260302-3LILY-MT,S005,3 LILY,c002,present,2026-03-02,,,2026-05-01 22:01:49
ATT00392,SES-20260308-3LILY-MT,S005,3 LILY,c002,present,2026-03-08,,,2026-05-01 22:01:49
ATT00393,SES-20260312-3LILY-MT,S005,3 LILY,c002,present,2026-03-12,,,2026-05-01 22:01:49
ATT00394,SES-20260329-3LILY-MT,S005,3 LILY,c002,present,2026-03-29,,,2026-05-01 22:01:49
ATT00395,SES-20260301-3LILY-MT,S006,3 LILY,c002,present,2026-03-01,,,2026-05-01 22:01:49
ATT00396,SES-20260302-3LILY-MT,S006,3 LILY,c002,present,2026-03-02,,,2026-05-01 22:01:49
ATT00397,SES-20260308-3LILY-MT,S006,3 LILY,c002,present,2026-03-08,,,2026-05-01 22:01:49
ATT00398,SES-20260312-3LILY-MT,S006,3 LILY,c002,present,2026-03-12,,,2026-05-01 22:01:49
ATT00399,SES-20260329-3LILY-MT,S006,3 LILY,c002,present,2026-03-29,,,2026-05-01 22:01:49
ATT00400,SES-20260301-3LILY-MT,S001,3 LILY,c002,absent,2026-03-01,,,2026-05-01 22:01:49
ATT00401,SES-20260302-3LILY-MT,S001,3 LILY,c002,present,2026-03-02,,,2026-05-01 22:01:49
ATT00402,SES-20260308-3LILY-MT,S001,3 LILY,c002,present,2026-03-08,,,2026-05-01 22:01:49
ATT00403,SES-20260312-3LILY-MT,S001,3 LILY,c002,present,2026-03-12,,,2026-05-01 22:01:49
ATT00404,SES-20260329-3LILY-MT,S001,3 LILY,c002,present,2026-03-29,,,2026-05-01 22:01:49
ATT00405,SES-20260301-3LILY-MT,S007,3 LILY,c002,present,2026-03-01,,,2026-05-01 22:01:49
ATT00406,SES-20260302-3LILY-MT,S007,3 LILY,c002,present,2026-03-02,,,2026-05-01 22:01:49
ATT00407,SES-20260308-3LILY-MT,S007,3 LILY,c002,present,2026-03-08,,,2026-05-01 22:01:49
ATT00408,SES-20260312-3LILY-MT,S007,3 LILY,c002,absent,2026-03-12,,,2026-05-01 22:01:49
ATT00409,SES-20260329-3LILY-MT,S007,3 LILY,c002,present,2026-03-29,,,2026-05-01 22:01:49
ATT00410,SES-20260301-3LILY-MT,S003,3 LILY,c002,absent,2026-03-01,,,2026-05-01 22:01:49
ATT00411,SES-20260302-3LILY-MT,S003,3 LILY,c002,present,2026-03-02,,,2026-05-01 22:01:49
ATT00412,SES-20260308-3LILY-MT,S003,3 LILY,c002,present,2026-03-08,,,2026-05-01 22:01:49
ATT00413,SES-20260312-3LILY-MT,S003,3 LILY,c002,present,2026-03-12,,,2026-05-01 22:01:49
ATT00414,SES-20260329-3LILY-MT,S003,3 LILY,c002,present,2026-03-29,,,2026-05-01 22:01:49
ATT00415,SES-20260302-2LILY-BM,S008,2 LILY,c001,present,2026-03-02,,,2026-05-01 22:01:49
ATT00416,SES-20260303-2LILY-BM,S008,2 LILY,c001,present,2026-03-03,,,2026-05-01 22:01:49
ATT00417,SES-20260304-2LILY-BM,S008,2 LILY,c001,present,2026-03-04,,,2026-05-01 22:01:49
ATT00418,SES-20260305-2LILY-BM,S008,2 LILY,c001,present,2026-03-05,,,2026-05-01 22:01:49
ATT00419,SES-20260308-2LILY-BM,S008,2 LILY,c001,present,2026-03-08,,,2026-05-01 22:01:49
ATT00420,SES-20260309-2LILY-BM,S008,2 LILY,c001,present,2026-03-09,,,2026-05-01 22:01:49
ATT00421,SES-20260311-2LILY-BM,S008,2 LILY,c001,present,2026-03-11,,,2026-05-01 22:01:49
ATT00422,SES-20260312-2LILY-BM,S008,2 LILY,c001,present,2026-03-12,,,2026-05-01 22:01:49
ATT00423,SES-20260316-2LILY-BM,S008,2 LILY,c001,present,2026-03-16,,,2026-05-01 22:01:49
ATT00424,SES-20260329-2LILY-BM,S008,2 LILY,c001,present,2026-03-29,,,2026-05-01 22:01:49
ATT00425,SES-20260330-2LILY-BM,S008,2 LILY,c001,present,2026-03-30,,,2026-05-01 22:01:49
ATT00426,SES-20260302-2LILY-BM,S018,2 LILY,c001,present,2026-03-02,,,2026-05-01 22:01:49
ATT00427,SES-20260303-2LILY-BM,S018,2 LILY,c001,present,2026-03-03,,,2026-05-01 22:01:49
ATT00428,SES-20260304-2LILY-BM,S018,2 LILY,c001,present,2026-03-04,,,2026-05-01 22:01:49
ATT00429,SES-20260305-2LILY-BM,S018,2 LILY,c001,present,2026-03-05,,,2026-05-01 22:01:49
ATT00430,SES-20260309-2LILY-BM,S018,2 LILY,c001,present,2026-03-09,,,2026-05-01 22:01:49
ATT00431,SES-20260311-2LILY-BM,S018,2 LILY,c001,present,2026-03-11,,,2026-05-01 22:01:49
ATT00432,SES-20260312-2LILY-BM,S018,2 LILY,c001,present,2026-03-12,,,2026-05-01 22:01:49
ATT00433,SES-20260316-2LILY-BM,S018,2 LILY,c001,present,2026-03-16,,,2026-05-01 22:01:49
ATT00434,SES-20260329-2LILY-BM,S018,2 LILY,c001,present,2026-03-29,,,2026-05-01 22:01:49
ATT00435,SES-20260330-2LILY-BM,S018,2 LILY,c001,absent,2026-03-30,,,2026-05-01 22:01:49
ATT00436,SES-20260302-2LILY-BM,S019,2 LILY,c001,present,2026-03-02,,,2026-05-01 22:01:49
ATT00437,SES-20260303-2LILY-BM,S019,2 LILY,c001,present,2026-03-03,,,2026-05-01 22:01:49
ATT00438,SES-20260304-2LILY-BM,S019,2 LILY,c001,present,2026-03-04,,,2026-05-01 22:01:49
ATT00439,SES-20260305-2LILY-BM,S019,2 LILY,c001,present,2026-03-05,,,2026-05-01 22:01:49
ATT00440,SES-20260308-2LILY-BM,S019,2 LILY,c001,absent,2026-03-08,,,2026-05-01 22:01:49
ATT00441,SES-20260309-2LILY-BM,S019,2 LILY,c001,absent,2026-03-09,,,2026-05-01 22:01:49
ATT00442,SES-20260311-2LILY-BM,S019,2 LILY,c001,present,2026-03-11,,,2026-05-01 22:01:49
ATT00443,SES-20260312-2LILY-BM,S019,2 LILY,c001,absent,2026-03-12,,,2026-05-01 22:01:49
ATT00444,SES-20260316-2LILY-BM,S019,2 LILY,c001,present,2026-03-16,,,2026-05-01 22:01:49
ATT00445,SES-20260329-2LILY-BM,S019,2 LILY,c001,present,2026-03-29,,,2026-05-01 22:01:49
ATT00446,SES-20260330-2LILY-BM,S019,2 LILY,c001,absent,2026-03-30,,,2026-05-01 22:01:49
ATT00447,SES-20260302-2LILY-BM,S016,2 LILY,c001,present,2026-03-02,,,2026-05-01 22:01:49
ATT00448,SES-20260303-2LILY-BM,S016,2 LILY,c001,absent,2026-03-03,,,2026-05-01 22:01:49
ATT00449,SES-20260304-2LILY-BM,S016,2 LILY,c001,present,2026-03-04,,,2026-05-01 22:01:49
ATT00450,SES-20260305-2LILY-BM,S016,2 LILY,c001,present,2026-03-05,,,2026-05-01 22:01:49
ATT00451,SES-20260308-2LILY-BM,S016,2 LILY,c001,present,2026-03-08,,,2026-05-01 22:01:49
ATT00452,SES-20260309-2LILY-BM,S016,2 LILY,c001,present,2026-03-09,,,2026-05-01 22:01:49
ATT00453,SES-20260311-2LILY-BM,S016,2 LILY,c001,present,2026-03-11,,,2026-05-01 22:01:49
ATT00454,SES-20260312-2LILY-BM,S016,2 LILY,c001,present,2026-03-12,,,2026-05-01 22:01:49
ATT00455,SES-20260316-2LILY-BM,S016,2 LILY,c001,present,2026-03-16,,,2026-05-01 22:01:49
ATT00456,SES-20260329-2LILY-BM,S016,2 LILY,c001,present,2026-03-29,,,2026-05-01 22:01:49
ATT00457,SES-20260330-2LILY-BM,S016,2 LILY,c001,present,2026-03-30,,,2026-05-01 22:01:49
ATT00458,SES-20260302-2LILY-BM,S017,2 LILY,c001,present,2026-03-02,,,2026-05-01 22:01:49
ATT00459,SES-20260303-2LILY-BM,S017,2 LILY,c001,present,2026-03-03,,,2026-05-01 22:01:49
ATT00460,SES-20260304-2LILY-BM,S017,2 LILY,c001,present,2026-03-04,,,2026-05-01 22:01:49
ATT00461,SES-20260305-2LILY-BM,S017,2 LILY,c001,present,2026-03-05,,,2026-05-01 22:01:49
ATT00462,SES-20260309-2LILY-BM,S017,2 LILY,c001,present,2026-03-09,,,2026-05-01 22:01:49
ATT00463,SES-20260311-2LILY-BM,S017,2 LILY,c001,present,2026-03-11,,,2026-05-01 22:01:49
ATT00464,SES-20260312-2LILY-BM,S017,2 LILY,c001,present,2026-03-12,,,2026-05-01 22:01:49
ATT00465,SES-20260316-2LILY-BM,S017,2 LILY,c001,present,2026-03-16,,,2026-05-01 22:01:49
ATT00466,SES-20260329-2LILY-BM,S017,2 LILY,c001,present,2026-03-29,,,2026-05-01 22:01:49
ATT00467,SES-20260330-2LILY-BM,S017,2 LILY,c001,present,2026-03-30,,,2026-05-01 22:01:49
ATT00468,SES-20260302-2LILY-BM,S020,2 LILY,c001,present,2026-03-02,,,2026-05-01 22:01:49
ATT00469,SES-20260303-2LILY-BM,S020,2 LILY,c001,present,2026-03-03,,,2026-05-01 22:01:49
ATT00470,SES-20260304-2LILY-BM,S020,2 LILY,c001,present,2026-03-04,,,2026-05-01 22:01:49
ATT00471,SES-20260305-2LILY-BM,S020,2 LILY,c001,present,2026-03-05,,,2026-05-01 22:01:49
ATT00472,SES-20260308-2LILY-BM,S020,2 LILY,c001,present,2026-03-08,,,2026-05-01 22:01:49
ATT00473,SES-20260309-2LILY-BM,S020,2 LILY,c001,present,2026-03-09,,,2026-05-01 22:01:49
ATT00474,SES-20260311-2LILY-BM,S020,2 LILY,c001,present,2026-03-11,,,2026-05-01 22:01:49
ATT00475,SES-20260312-2LILY-BM,S020,2 LILY,c001,absent,2026-03-12,,,2026-05-01 22:01:49
ATT00476,SES-20260316-2LILY-BM,S020,2 LILY,c001,present,2026-03-16,,,2026-05-01 22:01:49
ATT00477,SES-20260329-2LILY-BM,S020,2 LILY,c001,present,2026-03-29,,,2026-05-01 22:01:49
ATT00478,SES-20260330-2LILY-BM,S020,2 LILY,c001,present,2026-03-30,,,2026-05-01 22:01:49
ATT00479,SES-20260302-2LILY-BM,S021,2 LILY,c001,absent,2026-03-02,,,2026-05-01 22:01:49
ATT00480,SES-20260303-2LILY-BM,S021,2 LILY,c001,present,2026-03-03,,,2026-05-01 22:01:49
ATT00481,SES-20260304-2LILY-BM,S021,2 LILY,c001,present,2026-03-04,,,2026-05-01 22:01:49
ATT00482,SES-20260305-2LILY-BM,S021,2 LILY,c001,present,2026-03-05,,,2026-05-01 22:01:49
ATT00483,SES-20260308-2LILY-BM,S021,2 LILY,c001,absent,2026-03-08,,,2026-05-01 22:01:49
ATT00484,SES-20260309-2LILY-BM,S021,2 LILY,c001,absent,2026-03-09,,,2026-05-01 22:01:49
ATT00485,SES-20260311-2LILY-BM,S021,2 LILY,c001,present,2026-03-11,,,2026-05-01 22:01:49
ATT00486,SES-20260312-2LILY-BM,S021,2 LILY,c001,absent,2026-03-12,,,2026-05-01 22:01:49
ATT00487,SES-20260316-2LILY-BM,S021,2 LILY,c001,present,2026-03-16,,,2026-05-01 22:01:49
ATT00488,SES-20260329-2LILY-BM,S021,2 LILY,c001,present,2026-03-29,,,2026-05-01 22:01:49
ATT00489,SES-20260330-2LILY-BM,S021,2 LILY,c001,present,2026-03-30,,,2026-05-01 22:01:49
ATT00490,SES-20260302-2LILY-BM,S015,2 LILY,c001,present,2026-03-02,,,2026-05-01 22:01:49
ATT00491,SES-20260303-2LILY-BM,S015,2 LILY,c001,present,2026-03-03,,,2026-05-01 22:01:49
ATT00492,SES-20260304-2LILY-BM,S015,2 LILY,c001,present,2026-03-04,,,2026-05-01 22:01:49
ATT00493,SES-20260305-2LILY-BM,S015,2 LILY,c001,present,2026-03-05,,,2026-05-01 22:01:49
ATT00494,SES-20260308-2LILY-BM,S015,2 LILY,c001,absent,2026-03-08,,,2026-05-01 22:01:49
ATT00495,SES-20260309-2LILY-BM,S015,2 LILY,c001,present,2026-03-09,,,2026-05-01 22:01:49
ATT00496,SES-20260311-2LILY-BM,S015,2 LILY,c001,present,2026-03-11,,,2026-05-01 22:01:49
ATT00497,SES-20260312-2LILY-BM,S015,2 LILY,c001,present,2026-03-12,,,2026-05-01 22:01:49
ATT00498,SES-20260316-2LILY-BM,S015,2 LILY,c001,present,2026-03-16,,,2026-05-01 22:01:49
ATT00499,SES-20260329-2LILY-BM,S015,2 LILY,c001,absent,2026-03-29,,,2026-05-01 22:01:49
ATT00500,SES-20260330-2LILY-BM,S015,2 LILY,c001,absent,2026-03-30,,,2026-05-01 22:01:49
ATT00501,SES-20260302-2LILY-MT,S016,2 LILY,c002,present,2026-03-02,,,2026-05-01 22:01:49
ATT00502,SES-20260310-2LILY-MT,S016,2 LILY,c002,present,2026-03-10,,,2026-05-01 22:01:49
ATT00503,SES-20260331-2LILY-MT,S016,2 LILY,c002,present,2026-03-31,,,2026-05-01 22:01:49
ATT00504,SES-20260302-2LILY-MT,S017,2 LILY,c002,present,2026-03-02,,,2026-05-01 22:01:49
ATT00505,SES-20260304-2LILY-MT,S017,2 LILY,c002,present,2026-03-04,,,2026-05-01 22:01:49
ATT00506,SES-20260310-2LILY-MT,S017,2 LILY,c002,absent,2026-03-10,,,2026-05-01 22:01:49
ATT00507,SES-20260311-2LILY-MT,S017,2 LILY,c002,present,2026-03-11,,,2026-05-01 22:01:49
ATT00508,SES-20260331-2LILY-MT,S017,2 LILY,c002,present,2026-03-31,,,2026-05-01 22:01:49
ATT00509,SES-20260302-2LILY-MT,S018,2 LILY,c002,present,2026-03-02,,,2026-05-01 22:01:49
ATT00510,SES-20260304-2LILY-MT,S018,2 LILY,c002,present,2026-03-04,,,2026-05-01 22:01:49
ATT00511,SES-20260310-2LILY-MT,S018,2 LILY,c002,present,2026-03-10,,,2026-05-01 22:01:49
ATT00512,SES-20260311-2LILY-MT,S018,2 LILY,c002,present,2026-03-11,,,2026-05-01 22:01:49
ATT00513,SES-20260331-2LILY-MT,S018,2 LILY,c002,present,2026-03-31,,,2026-05-01 22:01:49
ATT00514,SES-20260302-2LILY-MT,S019,2 LILY,c002,present,2026-03-02,,,2026-05-01 22:01:49
ATT00515,SES-20260304-2LILY-MT,S019,2 LILY,c002,present,2026-03-04,,,2026-05-01 22:01:49
ATT00516,SES-20260310-2LILY-MT,S019,2 LILY,c002,absent,2026-03-10,,,2026-05-01 22:01:49
ATT00517,SES-20260311-2LILY-MT,S019,2 LILY,c002,present,2026-03-11,,,2026-05-01 22:01:49
ATT00518,SES-20260331-2LILY-MT,S019,2 LILY,c002,present,2026-03-31,,,2026-05-01 22:01:49
ATT00519,SES-20260302-2LILY-MT,S020,2 LILY,c002,present,2026-03-02,,,2026-05-01 22:01:49
ATT00520,SES-20260304-2LILY-MT,S020,2 LILY,c002,present,2026-03-04,,,2026-05-01 22:01:49
ATT00521,SES-20260310-2LILY-MT,S020,2 LILY,c002,present,2026-03-10,,,2026-05-01 22:01:49
ATT00522,SES-20260311-2LILY-MT,S020,2 LILY,c002,present,2026-03-11,,,2026-05-01 22:01:49
ATT00523,SES-20260331-2LILY-MT,S020,2 LILY,c002,present,2026-03-31,,,2026-05-01 22:01:49
ATT00524,SES-20260302-2LILY-MT,S021,2 LILY,c002,absent,2026-03-02,,,2026-05-01 22:01:49
ATT00525,SES-20260304-2LILY-MT,S021,2 LILY,c002,present,2026-03-04,,,2026-05-01 22:01:49
ATT00526,SES-20260310-2LILY-MT,S021,2 LILY,c002,present,2026-03-10,,,2026-05-01 22:01:49
ATT00527,SES-20260311-2LILY-MT,S021,2 LILY,c002,present,2026-03-11,,,2026-05-01 22:01:49
ATT00528,SES-20260331-2LILY-MT,S021,2 LILY,c002,present,2026-03-31,,,2026-05-01 22:01:49
